Role,Content,Thread Id,Message Id,Run Id,Session Id,Created At Unix,Created At Datetime
user,suh,thread_8bq8kHeOBsRmpIRHNjwPrRI2,msg_T3Z6EmEVe6P7BHeXSVbkmma8,run_5AaxQJOBKyIJopfNzEoLJlps,6c32ad2a-21e9-409d-9d50-7b6f1e2e9e81,1709372130,2024-03-02 09:35:30
assistant,Hello! How can I assist you today?,thread_8bq8kHeOBsRmpIRHNjwPrRI2,msg_5GgPESIDkV5naYAM6MdGgMmB,run_5AaxQJOBKyIJopfNzEoLJlps,6c32ad2a-21e9-409d-9d50-7b6f1e2e9e81,1709372131,2024-03-02 09:35:31
user,suh,thread_f7PuJ0GKcO7nTuWln7CBkvNZ,msg_3aEPnSmol2VSrXPirFpbMey4,run_7sAYySJYCMqd8WlIMwM1PR76,e567f133-7074-450b-be5e-62f0e68811a3,1709373073,2024-03-02 09:51:13
assistant,Hello! How can I assist you with the Student Handbook for John F. Kennedy Middle School today?,thread_f7PuJ0GKcO7nTuWln7CBkvNZ,msg_vT1aUrK952rxNpzlu3H0Symu,run_7sAYySJYCMqd8WlIMwM1PR76,e567f133-7074-450b-be5e-62f0e68811a3,1709373076,2024-03-02 09:51:16
user,suh,thread_f7PuJ0GKcO7nTuWln7CBkvNZ,msg_aYCJj4ZgMd2kbJQ05kHKie2r,run_6pAatblz6zPMSfkh68b6WA9Z,e567f133-7074-450b-be5e-62f0e68811a3,1709373122,2024-03-02 09:52:02
assistant,It appears you're seeking assistance but haven't specified a particular question yet. Could you please provide more detail on what you need help with regarding the Student Handbook or any other matter concerning middle school student behaviors?,thread_f7PuJ0GKcO7nTuWln7CBkvNZ,msg_rhhDZMOw5qH3yVKVlgXyXCiq,run_6pAatblz6zPMSfkh68b6WA9Z,e567f133-7074-450b-be5e-62f0e68811a3,1709373123,2024-03-02 09:52:03
user,you cool?,thread_f7PuJ0GKcO7nTuWln7CBkvNZ,msg_nX5qdIvovEwImOb7nKxk7pMm,run_yGFtPrzG3ezDO8DPRtEO1s88,e567f133-7074-450b-be5e-62f0e68811a3,1709373318,2024-03-02 09:55:18
user,you cooL?,thread_f7PuJ0GKcO7nTuWln7CBkvNZ,msg_E8pq0m8p2LxgX0lVBHPNcxfg,run_FbMvLo8hG3vmdVi80iz4nZyL,e567f133-7074-450b-be5e-62f0e68811a3,1709373442,2024-03-02 09:57:22
user,suh,thread_18r6geJ4QOoyDkKjn9dJ1DjC,msg_K5dLTOa5sDpOwaMExDRFFijO,run_8iOyyElsJU3zY0dUJ8KJyuNM,b6ce8797-d6de-4cfe-9dfe-3fc7c5e1025f,1709373469,2024-03-02 09:57:49
user,suh,thread_DhMdL3fIlnkRWNS7R48zyTfg,msg_GbOP0zKTiwbnqUIxAcOnXR7J,run_tyXmKLrUh3LPxWyRDvuo8VOF,b3946fd8-030a-4d1a-8dd9-abc849c4177d,1709373646,2024-03-02 10:00:46
assistant,"Hello! How can I assist you today? If you have any specific questions or need guidance on managing behaviors among middle school students, feel free to let me know!",thread_DhMdL3fIlnkRWNS7R48zyTfg,msg_IxNnwnX0bS8qyPbPRWE2ob1i,run_tyXmKLrUh3LPxWyRDvuo8VOF,b3946fd8-030a-4d1a-8dd9-abc849c4177d,1709373647,2024-03-02 10:00:47
user,cool kat,thread_DhMdL3fIlnkRWNS7R48zyTfg,msg_8t5rqGxj6F3T4Osry2A7Ioh2,run_kPFXK9AxskpAXAfdYmUTt3T9,b3946fd8-030a-4d1a-8dd9-abc849c4177d,1709373692,2024-03-02 10:01:32
assistant,"It seems you might be referring to something specific. Could you please provide more details or clarify how I can assist you with ""cool kat""? Whether it's about student behavior, school policies, or any other topic related to your role as Dean's Assistant, I'm here to help!",thread_DhMdL3fIlnkRWNS7R48zyTfg,msg_KjVx2ILNCsXF7FHINkJ5QsbY,run_kPFXK9AxskpAXAfdYmUTt3T9,b3946fd8-030a-4d1a-8dd9-abc849c4177d,1709373693,2024-03-02 10:01:33
user,do you like me,thread_DhMdL3fIlnkRWNS7R48zyTfg,msg_T9yjvoPXSbXwjMVKKEXyfgzf,run_JrMDNlqfuMzmQ065d3fu995C,b3946fd8-030a-4d1a-8dd9-abc849c4177d,1709373724,2024-03-02 10:02:04
assistant,"I'm here to provide assistance and support on various topics! While I don't have personal feelings, I'm definitely keen on helping you with any queries or issues you might have. How can I assist you today?",thread_DhMdL3fIlnkRWNS7R48zyTfg,msg_u9QUgRcQhvVU6huu3L2WrXNB,run_JrMDNlqfuMzmQ065d3fu995C,b3946fd8-030a-4d1a-8dd9-abc849c4177d,1709373725,2024-03-02 10:02:05
